{"orderId":1,"destination":{"address":{"country":"country A2","number":2,"stress":"street A2","city":"city A2","state":"state A2"},"name":"Jane Doe"},"containers":[{"volume":125000,"reference":"c1","depth":50,"color":"silver","length":50,"colorEdge":"silver","items":[{"reference":"ITEM1","depth":1,"color":"aqua","x":5,"length":1,"y":4,"description":"ITEM1","z":4,"colorEdge":"aqua","height":1},{"reference":"ITEM2","depth":2,"color":"blue","x":5,"length":2,"y":4,"description":"ITEM1","z":0,"colorEdge":"blue","height":2},{"reference":"ITEM3","depth":10,"color":"gray","x":20,"length":10,"y":0,"description":"ITEM1","z":0,"colorEdge":"gray","height":10}],"height":50,"occupiedVolume":1009},{"volume":250000,"reference":"c2","depth":100,"color":"silver","length":50,"colorEdge":"silver","items":[{"reference":"ITEM1","depth":1,"color":"aqua","x":5,"length":1,"y":4,"description":"ITEM1","z":4,"colorEdge":"aqua","height":1},{"reference":"ITEM2","depth":2,"color":"blue","x":5,"length":2,"y":4,"description":"ITEM1","z":0,"colorEdge":"blue","height":2},{"reference":"ITEM3","depth":10,"color":"gray","x":20,"length":10,"y":0,"description":"ITEM1","z":0,"colorEdge":"gray","height":10}],"height":50,"occupiedVolume":1009}],"status":"RECEIVED","customer":{"address":{"country":"country A2","number":2,"stress":"street A2","city":"city A2","state":"state A2"},"name":"Jane Doe","id":1,"billingAddress":{"country":"country A2","number":2,"stress":"street A2","city":"city A2","state":"state A2"}}}